date,applications,year,month,weekday
2020-01-01,64,2020,1,2
2020-01-02,54,2020,1,3
2020-01-03,70,2020,1,4
2020-01-04,85,2020,1,5
2020-01-05,67,2020,1,6
2020-01-06,55,2020,1,0
2020-01-07,63,2020,1,1
2020-01-08,60,2020,1,2
2020-01-09,62,2020,1,3
2020-01-10,57,2020,1,4
2020-01-11,84,2020,1,5
2020-01-12,89,2020,1,6
2020-01-13,66,2020,1,0
2020-01-14,71,2020,1,1
2020-01-15,66,2020,1,2
2020-01-16,56,2020,1,3
2020-01-17,67,2020,1,4
2020-01-18,70,2020,1,5
2020-01-19,90,2020,1,6
2020-01-20,65,2020,1,0
2020-01-21,61,2020,1,1
2020-01-22,57,2020,1,2
2020-01-23,72,2020,1,3
2020-01-24,63,2020,1,4
2020-01-25,74,2020,1,5
2020-01-26,80,2020,1,6
2020-01-27,70,2020,1,0
2020-01-28,66,2020,1,1
2020-01-29,66,2020,1,2
2020-01-30,66,2020,1,3
2020-01-31,82,2020,1,4
2020-02-01,93,2020,2,5
2020-02-02,97,2020,2,6
2020-02-03,77,2020,2,0
2020-02-04,86,2020,2,1
2020-02-05,90,2020,2,2
2020-02-06,80,2020,2,3
2020-02-07,76,2020,2,4
2020-02-08,90,2020,2,5
2020-02-09,106,2020,2,6
2020-02-10,90,2020,2,0
2020-02-11,86,2020,2,1
2020-02-12,76,2020,2,2
2020-02-13,83,2020,2,3
2020-02-14,84,2020,2,4
2020-02-15,98,2020,2,5
2020-02-16,108,2020,2,6
2020-02-17,86,2020,2,0
2020-02-18,87,2020,2,1
2020-02-19,82,2020,2,2
2020-02-20,84,2020,2,3
2020-02-21,89,2020,2,4
2020-02-22,85,2020,2,5
2020-02-23,99,2020,2,6
2020-02-24,81,2020,2,0
2020-02-25,77,2020,2,1
2020-02-26,79,2020,2,2
2020-02-27,94,2020,2,3
2020-02-28,77,2020,2,4
2020-02-29,105,2020,2,5
2020-03-01,108,2020,3,6
2020-03-02,102,2020,3,0
2020-03-03,103,2020,3,1
2020-03-04,107,2020,3,2
2020-03-05,108,2020,3,3
2020-03-06,110,2020,3,4
2020-03-07,114,2020,3,5
2020-03-08,118,2020,3,6
2020-03-09,112,2020,3,0
2020-03-10,101,2020,3,1
2020-03-11,92,2020,3,2
2020-03-12,93,2020,3,3
2020-03-13,97,2020,3,4
2020-03-14,121,2020,3,5
2020-03-15,123,2020,3,6
2020-03-16,111,2020,3,0
2020-03-17,99,2020,3,1
2020-03-18,104,2020,3,2
2020-03-19,107,2020,3,3
2020-03-20,102,2020,3,4
2020-03-21,121,2020,3,5
2020-03-22,117,2020,3,6
2020-03-23,103,2020,3,0
2020-03-24,99,2020,3,1
2020-03-25,93,2020,3,2
2020-03-26,106,2020,3,3
2020-03-27,101,2020,3,4
2020-03-28,118,2020,3,5
2020-03-29,126,2020,3,6
2020-03-30,109,2020,3,0
2020-03-31,108,2020,3,1
2020-04-01,62,2020,4,2
2020-04-02,59,2020,4,3
2020-04-03,64,2020,4,4
2020-04-04,64,2020,4,5
2020-04-05,71,2020,4,6
2020-04-06,55,2020,4,0
2020-04-07,55,2020,4,1
2020-04-08,66,2020,4,2
2020-04-09,56,2020,4,3
2020-04-10,62,2020,4,4
2020-04-11,88,2020,4,5
2020-04-12,80,2020,4,6
2020-04-13,72,2020,4,0
2020-04-14,56,2020,4,1
2020-04-15,62,2020,4,2
2020-04-16,56,2020,4,3
2020-04-17,62,2020,4,4
2020-04-18,85,2020,4,5
2020-04-19,69,2020,4,6
2020-04-20,70,2020,4,0
2020-04-21,65,2020,4,1
2020-04-22,59,2020,4,2
2020-04-23,52,2020,4,3
2020-04-24,66,2020,4,4
2020-04-25,74,2020,4,5
2020-04-26,85,2020,4,6
2020-04-27,67,2020,4,0
2020-04-28,76,2020,4,1
2020-04-29,62,2020,4,2
2020-04-30,55,2020,4,3
2020-05-01,59,2020,5,4
2020-05-02,72,2020,5,5
2020-05-03,87,2020,5,6
2020-05-04,65,2020,5,0
2020-05-05,59,2020,5,1
2020-05-06,67,2020,5,2
2020-05-07,46,2020,5,3
2020-05-08,53,2020,5,4
2020-05-09,63,2020,5,5
2020-05-10,73,2020,5,6
2020-05-11,48,2020,5,0
2020-05-12,61,2020,5,1
2020-05-13,54,2020,5,2
2020-05-14,44,2020,5,3
2020-05-15,50,2020,5,4
2020-05-16,74,2020,5,5
2020-05-17,83,2020,5,6
2020-05-18,75,2020,5,0
2020-05-19,79,2020,5,1
2020-05-20,60,2020,5,2
2020-05-21,48,2020,5,3
2020-05-22,41,2020,5,4
2020-05-23,73,2020,5,5
2020-05-24,70,2020,5,6
2020-05-25,56,2020,5,0
2020-05-26,51,2020,5,1
2020-05-27,55,2020,5,2
2020-05-28,65,2020,5,3
2020-05-29,60,2020,5,4
2020-05-30,70,2020,5,5
2020-05-31,68,2020,5,6
2020-06-01,14,2020,6,0
2020-06-02,21,2020,6,1
2020-06-03,24,2020,6,2
2020-06-04,39,2020,6,3
2020-06-05,28,2020,6,4
2020-06-06,48,2020,6,5
2020-06-07,41,2020,6,6
2020-06-08,18,2020,6,0
2020-06-09,17,2020,6,1
2020-06-10,19,2020,6,2
2020-06-11,42,2020,6,3
2020-06-12,20,2020,6,4
2020-06-13,47,2020,6,5
2020-06-14,38,2020,6,6
2020-06-15,35,2020,6,0
2020-06-16,28,2020,6,1
2020-06-17,24,2020,6,2
2020-06-18,25,2020,6,3
2020-06-19,22,2020,6,4
2020-06-20,44,2020,6,5
2020-06-21,42,2020,6,6
2020-06-22,18,2020,6,0
2020-06-23,15,2020,6,1
2020-06-24,27,2020,6,2
2020-06-25,38,2020,6,3
2020-06-26,29,2020,6,4
2020-06-27,39,2020,6,5
2020-06-28,48,2020,6,6
2020-06-29,39,2020,6,0
2020-06-30,27,2020,6,1
2020-07-01,32,2020,7,2
2020-07-02,44,2020,7,3
2020-07-03,41,2020,7,4
2020-07-04,63,2020,7,5
2020-07-05,57,2020,7,6
2020-07-06,29,2020,7,0
2020-07-07,25,2020,7,1
2020-07-08,49,2020,7,2
2020-07-09,49,2020,7,3
2020-07-10,36,2020,7,4
2020-07-11,48,2020,7,5
2020-07-12,67,2020,7,6
2020-07-13,30,2020,7,0
2020-07-14,29,2020,7,1
2020-07-15,41,2020,7,2
2020-07-16,33,2020,7,3
2020-07-17,38,2020,7,4
2020-07-18,50,2020,7,5
2020-07-19,59,2020,7,6
2020-07-20,50,2020,7,0
2020-07-21,37,2020,7,1
2020-07-22,41,2020,7,2
2020-07-23,20,2020,7,3
2020-07-24,38,2020,7,4
2020-07-25,44,2020,7,5
2020-07-26,46,2020,7,6
2020-07-27,32,2020,7,0
2020-07-28,34,2020,7,1
2020-07-29,44,2020,7,2
2020-07-30,26,2020,7,3
2020-07-31,39,2020,7,4
2020-08-01,55,2020,8,5
2020-08-02,61,2020,8,6
2020-08-03,54,2020,8,0
2020-08-04,48,2020,8,1
2020-08-05,54,2020,8,2
2020-08-06,42,2020,8,3
2020-08-07,40,2020,8,4
2020-08-08,57,2020,8,5
2020-08-09,66,2020,8,6
2020-08-10,48,2020,8,0
2020-08-11,35,2020,8,1
2020-08-12,44,2020,8,2
2020-08-13,46,2020,8,3
2020-08-14,66,2020,8,4
2020-08-15,74,2020,8,5
2020-08-16,57,2020,8,6
2020-08-17,45,2020,8,0
2020-08-18,32,2020,8,1
2020-08-19,39,2020,8,2
2020-08-20,46,2020,8,3
2020-08-21,56,2020,8,4
2020-08-22,53,2020,8,5
2020-08-23,59,2020,8,6
2020-08-24,30,2020,8,0
2020-08-25,43,2020,8,1
2020-08-26,36,2020,8,2
2020-08-27,40,2020,8,3
2020-08-28,39,2020,8,4
2020-08-29,58,2020,8,5
2020-08-30,50,2020,8,6
2020-08-31,36,2020,8,0
2020-09-01,77,2020,9,1
2020-09-02,50,2020,9,2
2020-09-03,52,2020,9,3
2020-09-04,77,2020,9,4
2020-09-05,99,2020,9,5
2020-09-06,71,2020,9,6
2020-09-07,61,2020,9,0
2020-09-08,63,2020,9,1
2020-09-09,74,2020,9,2
2020-09-10,53,2020,9,3
2020-09-11,61,2020,9,4
2020-09-12,82,2020,9,5
2020-09-13,84,2020,9,6
2020-09-14,61,2020,9,0
2020-09-15,60,2020,9,1
2020-09-16,50,2020,9,2
2020-09-17,59,2020,9,3
2020-09-18,61,2020,9,4
2020-09-19,78,2020,9,5
2020-09-20,76,2020,9,6
2020-09-21,68,2020,9,0
2020-09-22,69,2020,9,1
2020-09-23,62,2020,9,2
2020-09-24,64,2020,9,3
2020-09-25,63,2020,9,4
2020-09-26,76,2020,9,5
2020-09-27,75,2020,9,6
2020-09-28,67,2020,9,0
2020-09-29,60,2020,9,1
2020-09-30,78,2020,9,2
2020-10-01,83,2020,10,3
2020-10-02,75,2020,10,4
2020-10-03,79,2020,10,5
2020-10-04,81,2020,10,6
2020-10-05,83,2020,10,0
2020-10-06,72,2020,10,1
2020-10-07,74,2020,10,2
2020-10-08,56,2020,10,3
2020-10-09,80,2020,10,4
2020-10-10,89,2020,10,5
2020-10-11,82,2020,10,6
2020-10-12,70,2020,10,0
2020-10-13,73,2020,10,1
2020-10-14,71,2020,10,2
2020-10-15,68,2020,10,3
2020-10-16,72,2020,10,4
2020-10-17,84,2020,10,5
2020-10-18,92,2020,10,6
2020-10-19,86,2020,10,0
2020-10-20,50,2020,10,1
2020-10-21,69,2020,10,2
2020-10-22,72,2020,10,3
2020-10-23,75,2020,10,4
2020-10-24,83,2020,10,5
2020-10-25,77,2020,10,6
2020-10-26,77,2020,10,0
2020-10-27,85,2020,10,1
2020-10-28,59,2020,10,2
2020-10-29,78,2020,10,3
2020-10-30,70,2020,10,4
2020-10-31,86,2020,10,5
2020-11-01,77,2020,11,6
2020-11-02,66,2020,11,0
2020-11-03,76,2020,11,1
2020-11-04,70,2020,11,2
2020-11-05,79,2020,11,3
2020-11-06,77,2020,11,4
2020-11-07,84,2020,11,5
2020-11-08,99,2020,11,6
2020-11-09,72,2020,11,0
2020-11-10,72,2020,11,1
2020-11-11,63,2020,11,2
2020-11-12,66,2020,11,3
2020-11-13,62,2020,11,4
2020-11-14,88,2020,11,5
2020-11-15,76,2020,11,6
2020-11-16,75,2020,11,0
2020-11-17,64,2020,11,1
2020-11-18,75,2020,11,2
2020-11-19,72,2020,11,3
2020-11-20,82,2020,11,4
2020-11-21,87,2020,11,5
2020-11-22,73,2020,11,6
2020-11-23,68,2020,11,0
2020-11-24,56,2020,11,1
2020-11-25,62,2020,11,2
2020-11-26,78,2020,11,3
2020-11-27,73,2020,11,4
2020-11-28,75,2020,11,5
2020-11-29,78,2020,11,6
2020-11-30,69,2020,11,0
2020-12-01,68,2020,12,1
2020-12-02,73,2020,12,2
2020-12-03,81,2020,12,3
2020-12-04,89,2020,12,4
2020-12-05,98,2020,12,5
2020-12-06,80,2020,12,6
2020-12-07,84,2020,12,0
2020-12-08,79,2020,12,1
2020-12-09,82,2020,12,2
2020-12-10,91,2020,12,3
2020-12-11,64,2020,12,4
2020-12-12,89,2020,12,5
2020-12-13,103,2020,12,6
2020-12-14,69,2020,12,0
2020-12-15,90,2020,12,1
2020-12-16,81,2020,12,2
2020-12-17,85,2020,12,3
2020-12-18,76,2020,12,4
2020-12-19,100,2020,12,5
2020-12-20,107,2020,12,6
2020-12-21,84,2020,12,0
2020-12-22,81,2020,12,1
2020-12-23,81,2020,12,2
2020-12-24,72,2020,12,3
2020-12-25,80,2020,12,4
2020-12-26,93,2020,12,5
2020-12-27,102,2020,12,6
2020-12-28,90,2020,12,0
2020-12-29,70,2020,12,1
2020-12-30,78,2020,12,2
2020-12-31,91,2020,12,3
2021-01-01,69,2021,1,4
2021-01-02,81,2021,1,5
2021-01-03,95,2021,1,6
2021-01-04,83,2021,1,0
2021-01-05,73,2021,1,1
2021-01-06,84,2021,1,2
2021-01-07,80,2021,1,3
2021-01-08,82,2021,1,4
2021-01-09,93,2021,1,5
2021-01-10,112,2021,1,6
2021-01-11,75,2021,1,0
2021-01-12,57,2021,1,1
2021-01-13,86,2021,1,2
2021-01-14,70,2021,1,3
2021-01-15,76,2021,1,4
2021-01-16,99,2021,1,5
2021-01-17,81,2021,1,6
2021-01-18,66,2021,1,0
2021-01-19,61,2021,1,1
2021-01-20,67,2021,1,2
2021-01-21,77,2021,1,3
2021-01-22,80,2021,1,4
2021-01-23,91,2021,1,5
2021-01-24,82,2021,1,6
2021-01-25,58,2021,1,0
2021-01-26,74,2021,1,1
2021-01-27,70,2021,1,2
2021-01-28,77,2021,1,3
2021-01-29,81,2021,1,4
2021-01-30,90,2021,1,5
2021-01-31,100,2021,1,6
2021-02-01,97,2021,2,0
2021-02-02,96,2021,2,1
2021-02-03,86,2021,2,2
2021-02-04,91,2021,2,3
2021-02-05,96,2021,2,4
2021-02-06,114,2021,2,5
2021-02-07,109,2021,2,6
2021-02-08,99,2021,2,0
2021-02-09,90,2021,2,1
2021-02-10,91,2021,2,2
2021-02-11,99,2021,2,3
2021-02-12,78,2021,2,4
2021-02-13,97,2021,2,5
2021-02-14,100,2021,2,6
2021-02-15,77,2021,2,0
2021-02-16,87,2021,2,1
2021-02-17,98,2021,2,2
2021-02-18,90,2021,2,3
2021-02-19,96,2021,2,4
2021-02-20,116,2021,2,5
2021-02-21,123,2021,2,6
2021-02-22,95,2021,2,0
2021-02-23,103,2021,2,1
2021-02-24,93,2021,2,2
2021-02-25,86,2021,2,3
2021-02-26,90,2021,2,4
2021-02-27,96,2021,2,5
2021-02-28,106,2021,2,6
2021-03-01,113,2021,3,0
2021-03-02,119,2021,3,1
2021-03-03,127,2021,3,2
2021-03-04,102,2021,3,3
2021-03-05,118,2021,3,4
2021-03-06,120,2021,3,5
2021-03-07,137,2021,3,6
2021-03-08,115,2021,3,0
2021-03-09,98,2021,3,1
2021-03-10,120,2021,3,2
2021-03-11,108,2021,3,3
2021-03-12,111,2021,3,4
2021-03-13,120,2021,3,5
2021-03-14,128,2021,3,6
2021-03-15,120,2021,3,0
2021-03-16,112,2021,3,1
2021-03-17,116,2021,3,2
2021-03-18,116,2021,3,3
2021-03-19,126,2021,3,4
2021-03-20,126,2021,3,5
2021-03-21,122,2021,3,6
2021-03-22,125,2021,3,0
2021-03-23,111,2021,3,1
2021-03-24,122,2021,3,2
2021-03-25,117,2021,3,3
2021-03-26,114,2021,3,4
2021-03-27,131,2021,3,5
2021-03-28,149,2021,3,6
2021-03-29,133,2021,3,0
2021-03-30,114,2021,3,1
2021-03-31,115,2021,3,2
2021-04-01,82,2021,4,3
2021-04-02,69,2021,4,4
2021-04-03,91,2021,4,5
2021-04-04,94,2021,4,6
2021-04-05,79,2021,4,0
2021-04-06,67,2021,4,1
2021-04-07,61,2021,4,2
2021-04-08,57,2021,4,3
2021-04-09,67,2021,4,4
2021-04-10,85,2021,4,5
2021-04-11,92,2021,4,6
2021-04-12,93,2021,4,0
2021-04-13,83,2021,4,1
2021-04-14,66,2021,4,2
2021-04-15,77,2021,4,3
2021-04-16,73,2021,4,4
2021-04-17,87,2021,4,5
2021-04-18,96,2021,4,6
2021-04-19,82,2021,4,0
2021-04-20,72,2021,4,1
2021-04-21,83,2021,4,2
2021-04-22,65,2021,4,3
2021-04-23,76,2021,4,4
2021-04-24,110,2021,4,5
2021-04-25,96,2021,4,6
2021-04-26,89,2021,4,0
2021-04-27,75,2021,4,1
2021-04-28,79,2021,4,2
2021-04-29,74,2021,4,3
2021-04-30,75,2021,4,4
2021-05-01,75,2021,5,5
2021-05-02,90,2021,5,6
2021-05-03,63,2021,5,0
2021-05-04,72,2021,5,1
2021-05-05,75,2021,5,2
2021-05-06,70,2021,5,3
2021-05-07,66,2021,5,4
2021-05-08,85,2021,5,5
2021-05-09,84,2021,5,6
2021-05-10,77,2021,5,0
2021-05-11,52,2021,5,1
2021-05-12,64,2021,5,2
2021-05-13,51,2021,5,3
2021-05-14,57,2021,5,4
2021-05-15,93,2021,5,5
2021-05-16,94,2021,5,6
2021-05-17,64,2021,5,0
2021-05-18,55,2021,5,1
2021-05-19,43,2021,5,2
2021-05-20,63,2021,5,3
2021-05-21,89,2021,5,4
2021-05-22,86,2021,5,5
2021-05-23,83,2021,5,6
2021-05-24,74,2021,5,0
2021-05-25,55,2021,5,1
2021-05-26,65,2021,5,2
2021-05-27,68,2021,5,3
2021-05-28,69,2021,5,4
2021-05-29,89,2021,5,5
2021-05-30,90,2021,5,6
2021-05-31,76,2021,5,0
2021-06-01,30,2021,6,1
2021-06-02,43,2021,6,2
2021-06-03,49,2021,6,3
2021-06-04,30,2021,6,4
2021-06-05,44,2021,6,5
2021-06-06,66,2021,6,6
2021-06-07,37,2021,6,0
2021-06-08,47,2021,6,1
2021-06-09,32,2021,6,2
2021-06-10,47,2021,6,3
2021-06-11,39,2021,6,4
2021-06-12,53,2021,6,5
2021-06-13,68,2021,6,6
2021-06-14,36,2021,6,0
2021-06-15,28,2021,6,1
2021-06-16,32,2021,6,2
2021-06-17,40,2021,6,3
2021-06-18,25,2021,6,4
2021-06-19,56,2021,6,5
2021-06-20,52,2021,6,6
2021-06-21,48,2021,6,0
2021-06-22,17,2021,6,1
2021-06-23,30,2021,6,2
2021-06-24,23,2021,6,3
2021-06-25,32,2021,6,4
2021-06-26,53,2021,6,5
2021-06-27,55,2021,6,6
2021-06-28,37,2021,6,0
2021-06-29,35,2021,6,1
2021-06-30,38,2021,6,2
2021-07-01,38,2021,7,3
2021-07-02,54,2021,7,4
2021-07-03,67,2021,7,5
2021-07-04,70,2021,7,6
2021-07-05,54,2021,7,0
2021-07-06,49,2021,7,1
2021-07-07,63,2021,7,2
2021-07-08,46,2021,7,3
2021-07-09,46,2021,7,4
2021-07-10,56,2021,7,5
2021-07-11,58,2021,7,6
2021-07-12,40,2021,7,0
2021-07-13,40,2021,7,1
2021-07-14,46,2021,7,2
2021-07-15,50,2021,7,3
2021-07-16,49,2021,7,4
2021-07-17,56,2021,7,5
2021-07-18,74,2021,7,6
2021-07-19,56,2021,7,0
2021-07-20,46,2021,7,1
2021-07-21,42,2021,7,2
2021-07-22,51,2021,7,3
2021-07-23,51,2021,7,4
2021-07-24,51,2021,7,5
2021-07-25,67,2021,7,6
2021-07-26,52,2021,7,0
2021-07-27,40,2021,7,1
2021-07-28,49,2021,7,2
2021-07-29,36,2021,7,3
2021-07-30,60,2021,7,4
2021-07-31,72,2021,7,5
2021-08-01,72,2021,8,6
2021-08-02,60,2021,8,0
2021-08-03,35,2021,8,1
2021-08-04,45,2021,8,2
2021-08-05,52,2021,8,3
2021-08-06,48,2021,8,4
2021-08-07,75,2021,8,5
2021-08-08,91,2021,8,6
2021-08-09,48,2021,8,0
2021-08-10,48,2021,8,1
2021-08-11,57,2021,8,2
2021-08-12,68,2021,8,3
2021-08-13,47,2021,8,4
2021-08-14,72,2021,8,5
2021-08-15,89,2021,8,6
2021-08-16,45,2021,8,0
2021-08-17,45,2021,8,1
2021-08-18,51,2021,8,2
2021-08-19,51,2021,8,3
2021-08-20,63,2021,8,4
2021-08-21,72,2021,8,5
2021-08-22,61,2021,8,6
2021-08-23,62,2021,8,0
2021-08-24,50,2021,8,1
2021-08-25,65,2021,8,2
2021-08-26,50,2021,8,3
2021-08-27,52,2021,8,4
2021-08-28,74,2021,8,5
2021-08-29,81,2021,8,6
2021-08-30,62,2021,8,0
2021-08-31,42,2021,8,1
2021-09-01,76,2021,9,2
2021-09-02,63,2021,9,3
2021-09-03,75,2021,9,4
2021-09-04,75,2021,9,5
2021-09-05,95,2021,9,6
2021-09-06,68,2021,9,0
2021-09-07,61,2021,9,1
2021-09-08,77,2021,9,2
2021-09-09,73,2021,9,3
2021-09-10,69,2021,9,4
2021-09-11,98,2021,9,5
2021-09-12,88,2021,9,6
2021-09-13,75,2021,9,0
2021-09-14,74,2021,9,1
2021-09-15,67,2021,9,2
2021-09-16,75,2021,9,3
2021-09-17,69,2021,9,4
2021-09-18,83,2021,9,5
2021-09-19,103,2021,9,6
2021-09-20,67,2021,9,0
2021-09-21,53,2021,9,1
2021-09-22,85,2021,9,2
2021-09-23,92,2021,9,3
2021-09-24,71,2021,9,4
2021-09-25,71,2021,9,5
2021-09-26,90,2021,9,6
2021-09-27,73,2021,9,0
2021-09-28,71,2021,9,1
2021-09-29,63,2021,9,2
2021-09-30,77,2021,9,3
2021-10-01,87,2021,10,4
2021-10-02,84,2021,10,5
2021-10-03,107,2021,10,6
2021-10-04,101,2021,10,0
2021-10-05,83,2021,10,1
2021-10-06,79,2021,10,2
2021-10-07,80,2021,10,3
2021-10-08,88,2021,10,4
2021-10-09,83,2021,10,5
2021-10-10,103,2021,10,6
2021-10-11,81,2021,10,0
2021-10-12,96,2021,10,1
2021-10-13,80,2021,10,2
2021-10-14,95,2021,10,3
2021-10-15,75,2021,10,4
2021-10-16,101,2021,10,5
2021-10-17,104,2021,10,6
2021-10-18,78,2021,10,0
2021-10-19,83,2021,10,1
2021-10-20,91,2021,10,2
2021-10-21,79,2021,10,3
2021-10-22,70,2021,10,4
2021-10-23,97,2021,10,5
2021-10-24,95,2021,10,6
2021-10-25,82,2021,10,0
2021-10-26,81,2021,10,1
2021-10-27,68,2021,10,2
2021-10-28,69,2021,10,3
2021-10-29,88,2021,10,4
2021-10-30,93,2021,10,5
2021-10-31,82,2021,10,6
2021-11-01,85,2021,11,0
2021-11-02,78,2021,11,1
2021-11-03,70,2021,11,2
2021-11-04,66,2021,11,3
2021-11-05,85,2021,11,4
2021-11-06,94,2021,11,5
2021-11-07,115,2021,11,6
2021-11-08,83,2021,11,0
2021-11-09,79,2021,11,1
2021-11-10,75,2021,11,2
2021-11-11,83,2021,11,3
2021-11-12,83,2021,11,4
2021-11-13,101,2021,11,5
2021-11-14,92,2021,11,6
2021-11-15,76,2021,11,0
2021-11-16,73,2021,11,1
2021-11-17,83,2021,11,2
2021-11-18,89,2021,11,3
2021-11-19,75,2021,11,4
2021-11-20,88,2021,11,5
2021-11-21,99,2021,11,6
2021-11-22,78,2021,11,0
2021-11-23,84,2021,11,1
2021-11-24,59,2021,11,2
2021-11-25,70,2021,11,3
2021-11-26,73,2021,11,4
2021-11-27,73,2021,11,5
2021-11-28,89,2021,11,6
2021-11-29,73,2021,11,0
2021-11-30,75,2021,11,1
2021-12-01,98,2021,12,2
2021-12-02,87,2021,12,3
2021-12-03,83,2021,12,4
2021-12-04,104,2021,12,5
2021-12-05,118,2021,12,6
2021-12-06,84,2021,12,0
2021-12-07,82,2021,12,1
2021-12-08,94,2021,12,2
2021-12-09,87,2021,12,3
2021-12-10,96,2021,12,4
2021-12-11,104,2021,12,5
2021-12-12,115,2021,12,6
2021-12-13,84,2021,12,0
2021-12-14,89,2021,12,1
2021-12-15,88,2021,12,2
2021-12-16,80,2021,12,3
2021-12-17,79,2021,12,4
2021-12-18,110,2021,12,5
2021-12-19,107,2021,12,6
2021-12-20,84,2021,12,0
2021-12-21,89,2021,12,1
2021-12-22,99,2021,12,2
2021-12-23,71,2021,12,3
2021-12-24,80,2021,12,4
2021-12-25,97,2021,12,5
2021-12-26,121,2021,12,6
2021-12-27,95,2021,12,0
2021-12-28,96,2021,12,1
2021-12-29,81,2021,12,2
2021-12-30,81,2021,12,3
2021-12-31,95,2021,12,4
2022-01-01,96,2022,1,5
2022-01-02,105,2022,1,6
2022-01-03,82,2022,1,0
2022-01-04,83,2022,1,1
2022-01-05,82,2022,1,2
2022-01-06,87,2022,1,3
2022-01-07,90,2022,1,4
2022-01-08,83,2022,1,5
2022-01-09,83,2022,1,6
2022-01-10,92,2022,1,0
2022-01-11,91,2022,1,1
2022-01-12,73,2022,1,2
2022-01-13,66,2022,1,3
2022-01-14,84,2022,1,4
2022-01-15,104,2022,1,5
2022-01-16,116,2022,1,6
2022-01-17,89,2022,1,0
2022-01-18,78,2022,1,1
2022-01-19,74,2022,1,2
2022-01-20,82,2022,1,3
2022-01-21,81,2022,1,4
2022-01-22,88,2022,1,5
2022-01-23,118,2022,1,6
2022-01-24,99,2022,1,0
2022-01-25,91,2022,1,1
2022-01-26,74,2022,1,2
2022-01-27,89,2022,1,3
2022-01-28,89,2022,1,4
2022-01-29,100,2022,1,5
2022-01-30,112,2022,1,6
2022-01-31,90,2022,1,0
2022-02-01,106,2022,2,1
2022-02-02,105,2022,2,2
2022-02-03,103,2022,2,3
2022-02-04,88,2022,2,4
2022-02-05,116,2022,2,5
2022-02-06,116,2022,2,6
2022-02-07,93,2022,2,0
2022-02-08,114,2022,2,1
2022-02-09,114,2022,2,2
2022-02-10,111,2022,2,3
2022-02-11,104,2022,2,4
2022-02-12,126,2022,2,5
2022-02-13,120,2022,2,6
2022-02-14,105,2022,2,0
2022-02-15,92,2022,2,1
2022-02-16,103,2022,2,2
2022-02-17,101,2022,2,3
2022-02-18,92,2022,2,4
2022-02-19,115,2022,2,5
2022-02-20,120,2022,2,6
2022-02-21,118,2022,2,0
2022-02-22,108,2022,2,1
2022-02-23,101,2022,2,2
2022-02-24,103,2022,2,3
2022-02-25,103,2022,2,4
2022-02-26,114,2022,2,5
2022-02-27,112,2022,2,6
2022-02-28,102,2022,2,0
2022-03-01,115,2022,3,1
2022-03-02,111,2022,3,2
2022-03-03,125,2022,3,3
2022-03-04,126,2022,3,4
2022-03-05,122,2022,3,5
2022-03-06,140,2022,3,6
2022-03-07,132,2022,3,0
2022-03-08,129,2022,3,1
2022-03-09,129,2022,3,2
2022-03-10,121,2022,3,3
2022-03-11,116,2022,3,4
2022-03-12,127,2022,3,5
2022-03-13,144,2022,3,6
2022-03-14,127,2022,3,0
2022-03-15,131,2022,3,1
2022-03-16,130,2022,3,2
2022-03-17,120,2022,3,3
2022-03-18,113,2022,3,4
2022-03-19,134,2022,3,5
2022-03-20,143,2022,3,6
2022-03-21,123,2022,3,0
2022-03-22,117,2022,3,1
2022-03-23,123,2022,3,2
2022-03-24,117,2022,3,3
2022-03-25,118,2022,3,4
2022-03-26,139,2022,3,5
2022-03-27,138,2022,3,6
2022-03-28,126,2022,3,0
2022-03-29,124,2022,3,1
2022-03-30,112,2022,3,2
2022-03-31,118,2022,3,3
2022-04-01,95,2022,4,4
2022-04-02,87,2022,4,5
2022-04-03,85,2022,4,6
2022-04-04,70,2022,4,0
2022-04-05,82,2022,4,1
2022-04-06,82,2022,4,2
2022-04-07,81,2022,4,3
2022-04-08,94,2022,4,4
2022-04-09,75,2022,4,5
2022-04-10,105,2022,4,6
2022-04-11,97,2022,4,0
2022-04-12,73,2022,4,1
2022-04-13,79,2022,4,2
2022-04-14,76,2022,4,3
2022-04-15,77,2022,4,4
2022-04-16,94,2022,4,5
2022-04-17,114,2022,4,6
2022-04-18,100,2022,4,0
2022-04-19,79,2022,4,1
2022-04-20,97,2022,4,2
2022-04-21,83,2022,4,3
2022-04-22,98,2022,4,4
2022-04-23,97,2022,4,5
2022-04-24,103,2022,4,6
2022-04-25,88,2022,4,0
2022-04-26,108,2022,4,1
2022-04-27,89,2022,4,2
2022-04-28,77,2022,4,3
2022-04-29,92,2022,4,4
2022-04-30,95,2022,4,5
2022-05-01,91,2022,5,6
2022-05-02,85,2022,5,0
2022-05-03,75,2022,5,1
2022-05-04,77,2022,5,2
2022-05-05,75,2022,5,3
2022-05-06,79,2022,5,4
2022-05-07,93,2022,5,5
2022-05-08,79,2022,5,6
2022-05-09,83,2022,5,0
2022-05-10,67,2022,5,1
2022-05-11,63,2022,5,2
2022-05-12,74,2022,5,3
2022-05-13,78,2022,5,4
2022-05-14,84,2022,5,5
2022-05-15,102,2022,5,6
2022-05-16,67,2022,5,0
2022-05-17,72,2022,5,1
2022-05-18,70,2022,5,2
2022-05-19,75,2022,5,3
2022-05-20,79,2022,5,4
2022-05-21,82,2022,5,5
2022-05-22,101,2022,5,6
2022-05-23,79,2022,5,0
2022-05-24,60,2022,5,1
2022-05-25,60,2022,5,2
2022-05-26,75,2022,5,3
2022-05-27,76,2022,5,4
2022-05-28,90,2022,5,5
2022-05-29,95,2022,5,6
2022-05-30,80,2022,5,0
2022-05-31,83,2022,5,1
2022-06-01,35,2022,6,2
2022-06-02,34,2022,6,3
2022-06-03,37,2022,6,4
2022-06-04,61,2022,6,5
2022-06-05,74,2022,6,6
2022-06-06,43,2022,6,0
2022-06-07,24,2022,6,1
2022-06-08,30,2022,6,2
2022-06-09,37,2022,6,3
2022-06-10,41,2022,6,4
2022-06-11,55,2022,6,5
2022-06-12,64,2022,6,6
2022-06-13,44,2022,6,0
2022-06-14,52,2022,6,1
2022-06-15,38,2022,6,2
2022-06-16,37,2022,6,3
2022-06-17,50,2022,6,4
2022-06-18,47,2022,6,5
2022-06-19,67,2022,6,6
2022-06-20,48,2022,6,0
2022-06-21,43,2022,6,1
2022-06-22,57,2022,6,2
2022-06-23,39,2022,6,3
2022-06-24,63,2022,6,4
2022-06-25,57,2022,6,5
2022-06-26,54,2022,6,6
2022-06-27,48,2022,6,0
2022-06-28,36,2022,6,1
2022-06-29,38,2022,6,2
2022-06-30,48,2022,6,3
2022-07-01,61,2022,7,4
2022-07-02,64,2022,7,5
2022-07-03,82,2022,7,6
2022-07-04,67,2022,7,0
2022-07-05,66,2022,7,1
2022-07-06,59,2022,7,2
2022-07-07,65,2022,7,3
2022-07-08,42,2022,7,4
2022-07-09,67,2022,7,5
2022-07-10,68,2022,7,6
2022-07-11,59,2022,7,0
2022-07-12,50,2022,7,1
2022-07-13,53,2022,7,2
2022-07-14,70,2022,7,3
2022-07-15,55,2022,7,4
2022-07-16,73,2022,7,5
2022-07-17,73,2022,7,6
2022-07-18,58,2022,7,0
2022-07-19,55,2022,7,1
2022-07-20,59,2022,7,2
2022-07-21,64,2022,7,3
2022-07-22,70,2022,7,4
2022-07-23,72,2022,7,5
2022-07-24,80,2022,7,6
2022-07-25,49,2022,7,0
2022-07-26,54,2022,7,1
2022-07-27,63,2022,7,2
2022-07-28,62,2022,7,3
2022-07-29,59,2022,7,4
2022-07-30,77,2022,7,5
2022-07-31,79,2022,7,6
2022-08-01,75,2022,8,0
2022-08-02,65,2022,8,1
2022-08-03,60,2022,8,2
2022-08-04,65,2022,8,3
2022-08-05,41,2022,8,4
2022-08-06,81,2022,8,5
2022-08-07,53,2022,8,6
2022-08-08,52,2022,8,0
2022-08-09,66,2022,8,1
2022-08-10,66,2022,8,2
2022-08-11,53,2022,8,3
2022-08-12,59,2022,8,4
2022-08-13,89,2022,8,5
2022-08-14,79,2022,8,6
2022-08-15,84,2022,8,0
2022-08-16,63,2022,8,1
2022-08-17,66,2022,8,2
2022-08-18,76,2022,8,3
2022-08-19,66,2022,8,4
2022-08-20,70,2022,8,5
2022-08-21,82,2022,8,6
2022-08-22,66,2022,8,0
2022-08-23,52,2022,8,1
2022-08-24,61,2022,8,2
2022-08-25,57,2022,8,3
2022-08-26,72,2022,8,4
2022-08-27,78,2022,8,5
2022-08-28,81,2022,8,6
2022-08-29,65,2022,8,0
2022-08-30,65,2022,8,1
2022-08-31,68,2022,8,2
2022-09-01,71,2022,9,3
2022-09-02,73,2022,9,4
2022-09-03,103,2022,9,5
2022-09-04,96,2022,9,6
2022-09-05,71,2022,9,0
2022-09-06,83,2022,9,1
2022-09-07,83,2022,9,2
2022-09-08,67,2022,9,3
2022-09-09,83,2022,9,4
2022-09-10,100,2022,9,5
2022-09-11,103,2022,9,6
2022-09-12,88,2022,9,0
2022-09-13,68,2022,9,1
2022-09-14,82,2022,9,2
2022-09-15,77,2022,9,3
2022-09-16,78,2022,9,4
2022-09-17,102,2022,9,5
2022-09-18,112,2022,9,6
2022-09-19,97,2022,9,0
2022-09-20,90,2022,9,1
2022-09-21,79,2022,9,2
2022-09-22,83,2022,9,3
2022-09-23,88,2022,9,4
2022-09-24,96,2022,9,5
2022-09-25,101,2022,9,6
2022-09-26,90,2022,9,0
2022-09-27,80,2022,9,1
2022-09-28,74,2022,9,2
2022-09-29,77,2022,9,3
2022-09-30,87,2022,9,4
2022-10-01,104,2022,10,5
2022-10-02,112,2022,10,6
2022-10-03,98,2022,10,0
2022-10-04,86,2022,10,1
2022-10-05,95,2022,10,2
2022-10-06,92,2022,10,3
2022-10-07,81,2022,10,4
2022-10-08,116,2022,10,5
2022-10-09,105,2022,10,6
2022-10-10,79,2022,10,0
2022-10-11,81,2022,10,1
2022-10-12,81,2022,10,2
2022-10-13,90,2022,10,3
2022-10-14,89,2022,10,4
2022-10-15,102,2022,10,5
2022-10-16,115,2022,10,6
2022-10-17,95,2022,10,0
2022-10-18,92,2022,10,1
2022-10-19,93,2022,10,2
2022-10-20,95,2022,10,3
2022-10-21,75,2022,10,4
2022-10-22,102,2022,10,5
2022-10-23,92,2022,10,6
2022-10-24,93,2022,10,0
2022-10-25,90,2022,10,1
2022-10-26,98,2022,10,2
2022-10-27,99,2022,10,3
2022-10-28,94,2022,10,4
2022-10-29,101,2022,10,5
2022-10-30,114,2022,10,6
2022-10-31,89,2022,10,0
2022-11-01,84,2022,11,1
2022-11-02,92,2022,11,2
2022-11-03,80,2022,11,3
2022-11-04,93,2022,11,4
2022-11-05,105,2022,11,5
2022-11-06,97,2022,11,6
2022-11-07,95,2022,11,0
2022-11-08,90,2022,11,1
2022-11-09,85,2022,11,2
2022-11-10,78,2022,11,3
2022-11-11,79,2022,11,4
2022-11-12,95,2022,11,5
2022-11-13,109,2022,11,6
2022-11-14,80,2022,11,0
2022-11-15,88,2022,11,1
2022-11-16,75,2022,11,2
2022-11-17,83,2022,11,3
2022-11-18,87,2022,11,4
2022-11-19,119,2022,11,5
2022-11-20,94,2022,11,6
2022-11-21,99,2022,11,0
2022-11-22,86,2022,11,1
2022-11-23,88,2022,11,2
2022-11-24,86,2022,11,3
2022-11-25,90,2022,11,4
2022-11-26,99,2022,11,5
2022-11-27,116,2022,11,6
2022-11-28,84,2022,11,0
2022-11-29,94,2022,11,1
2022-11-30,80,2022,11,2
2022-12-01,96,2022,12,3
2022-12-02,90,2022,12,4
2022-12-03,116,2022,12,5
2022-12-04,129,2022,12,6
2022-12-05,99,2022,12,0
2022-12-06,96,2022,12,1
2022-12-07,88,2022,12,2
2022-12-08,95,2022,12,3
2022-12-09,86,2022,12,4
2022-12-10,105,2022,12,5
2022-12-11,119,2022,12,6
2022-12-12,111,2022,12,0
2022-12-13,120,2022,12,1
2022-12-14,93,2022,12,2
2022-12-15,109,2022,12,3
2022-12-16,101,2022,12,4
2022-12-17,111,2022,12,5
2022-12-18,121,2022,12,6
2022-12-19,101,2022,12,0
2022-12-20,98,2022,12,1
2022-12-21,94,2022,12,2
2022-12-22,86,2022,12,3
2022-12-23,87,2022,12,4
2022-12-24,118,2022,12,5
2022-12-25,115,2022,12,6
2022-12-26,96,2022,12,0
2022-12-27,98,2022,12,1
2022-12-28,104,2022,12,2
2022-12-29,99,2022,12,3
2022-12-30,95,2022,12,4
2022-12-31,123,2022,12,5
2023-01-01,128,2023,1,6
2023-01-02,102,2023,1,0
2023-01-03,103,2023,1,1
2023-01-04,105,2023,1,2
2023-01-05,104,2023,1,3
2023-01-06,102,2023,1,4
2023-01-07,115,2023,1,5
2023-01-08,119,2023,1,6
2023-01-09,89,2023,1,0
2023-01-10,101,2023,1,1
2023-01-11,84,2023,1,2
2023-01-12,89,2023,1,3
2023-01-13,108,2023,1,4
2023-01-14,117,2023,1,5
2023-01-15,127,2023,1,6
2023-01-16,96,2023,1,0
2023-01-17,86,2023,1,1
2023-01-18,93,2023,1,2
2023-01-19,96,2023,1,3
2023-01-20,98,2023,1,4
2023-01-21,120,2023,1,5
2023-01-22,113,2023,1,6
2023-01-23,101,2023,1,0
2023-01-24,88,2023,1,1
2023-01-25,99,2023,1,2
2023-01-26,96,2023,1,3
2023-01-27,92,2023,1,4
2023-01-28,109,2023,1,5
2023-01-29,114,2023,1,6
2023-01-30,97,2023,1,0
2023-01-31,110,2023,1,1
2023-02-01,113,2023,2,2
2023-02-02,112,2023,2,3
2023-02-03,99,2023,2,4
2023-02-04,122,2023,2,5
2023-02-05,132,2023,2,6
2023-02-06,111,2023,2,0
2023-02-07,125,2023,2,1
2023-02-08,113,2023,2,2
2023-02-09,124,2023,2,3
2023-02-10,117,2023,2,4
2023-02-11,129,2023,2,5
2023-02-12,133,2023,2,6
2023-02-13,117,2023,2,0
2023-02-14,128,2023,2,1
2023-02-15,96,2023,2,2
2023-02-16,98,2023,2,3
2023-02-17,112,2023,2,4
2023-02-18,129,2023,2,5
2023-02-19,140,2023,2,6
2023-02-20,121,2023,2,0
2023-02-21,111,2023,2,1
2023-02-22,123,2023,2,2
2023-02-23,123,2023,2,3
2023-02-24,118,2023,2,4
2023-02-25,137,2023,2,5
2023-02-26,137,2023,2,6
2023-02-27,113,2023,2,0
2023-02-28,120,2023,2,1
2023-03-01,136,2023,3,2
2023-03-02,135,2023,3,3
2023-03-03,148,2023,3,4
2023-03-04,130,2023,3,5
2023-03-05,143,2023,3,6
2023-03-06,128,2023,3,0
2023-03-07,132,2023,3,1
2023-03-08,133,2023,3,2
2023-03-09,123,2023,3,3
2023-03-10,129,2023,3,4
2023-03-11,143,2023,3,5
2023-03-12,175,2023,3,6
2023-03-13,152,2023,3,0
2023-03-14,132,2023,3,1
2023-03-15,132,2023,3,2
2023-03-16,126,2023,3,3
2023-03-17,122,2023,3,4
2023-03-18,149,2023,3,5
2023-03-19,147,2023,3,6
2023-03-20,138,2023,3,0
2023-03-21,122,2023,3,1
2023-03-22,129,2023,3,2
2023-03-23,136,2023,3,3
2023-03-24,140,2023,3,4
2023-03-25,154,2023,3,5
2023-03-26,145,2023,3,6
2023-03-27,145,2023,3,0
2023-03-28,129,2023,3,1
2023-03-29,141,2023,3,2
2023-03-30,135,2023,3,3
2023-03-31,127,2023,3,4
2023-04-01,108,2023,4,5
2023-04-02,119,2023,4,6
2023-04-03,104,2023,4,0
2023-04-04,95,2023,4,1
2023-04-05,108,2023,4,2
2023-04-06,104,2023,4,3
2023-04-07,96,2023,4,4
2023-04-08,117,2023,4,5
2023-04-09,131,2023,4,6
2023-04-10,115,2023,4,0
2023-04-11,86,2023,4,1
2023-04-12,88,2023,4,2
2023-04-13,108,2023,4,3
2023-04-14,90,2023,4,4
2023-04-15,100,2023,4,5
2023-04-16,112,2023,4,6
2023-04-17,102,2023,4,0
2023-04-18,95,2023,4,1
2023-04-19,91,2023,4,2
2023-04-20,91,2023,4,3
2023-04-21,92,2023,4,4
2023-04-22,104,2023,4,5
2023-04-23,134,2023,4,6
2023-04-24,102,2023,4,0
2023-04-25,103,2023,4,1
2023-04-26,92,2023,4,2
2023-04-27,95,2023,4,3
2023-04-28,93,2023,4,4
2023-04-29,90,2023,4,5
2023-04-30,105,2023,4,6
2023-05-01,77,2023,5,0
2023-05-02,71,2023,5,1
2023-05-03,79,2023,5,2
2023-05-04,99,2023,5,3
2023-05-05,90,2023,5,4
2023-05-06,114,2023,5,5
2023-05-07,112,2023,5,6
2023-05-08,98,2023,5,0
2023-05-09,82,2023,5,1
2023-05-10,93,2023,5,2
2023-05-11,95,2023,5,3
2023-05-12,86,2023,5,4
2023-05-13,108,2023,5,5
2023-05-14,113,2023,5,6
2023-05-15,88,2023,5,0
2023-05-16,80,2023,5,1
2023-05-17,79,2023,5,2
2023-05-18,90,2023,5,3
2023-05-19,94,2023,5,4
2023-05-20,98,2023,5,5
2023-05-21,109,2023,5,6
2023-05-22,97,2023,5,0
2023-05-23,94,2023,5,1
2023-05-24,102,2023,5,2
2023-05-25,99,2023,5,3
2023-05-26,83,2023,5,4
2023-05-27,118,2023,5,5
2023-05-28,105,2023,5,6
2023-05-29,101,2023,5,0
2023-05-30,90,2023,5,1
2023-05-31,86,2023,5,2
2023-06-01,43,2023,6,3
2023-06-02,58,2023,6,4
2023-06-03,60,2023,6,5
2023-06-04,85,2023,6,6
2023-06-05,73,2023,6,0
2023-06-06,51,2023,6,1
2023-06-07,60,2023,6,2
2023-06-08,52,2023,6,3
2023-06-09,55,2023,6,4
2023-06-10,79,2023,6,5
2023-06-11,77,2023,6,6
2023-06-12,75,2023,6,0
2023-06-13,54,2023,6,1
2023-06-14,66,2023,6,2
2023-06-15,59,2023,6,3
2023-06-16,66,2023,6,4
2023-06-17,69,2023,6,5
2023-06-18,78,2023,6,6
2023-06-19,60,2023,6,0
2023-06-20,51,2023,6,1
2023-06-21,63,2023,6,2
2023-06-22,63,2023,6,3
2023-06-23,65,2023,6,4
2023-06-24,85,2023,6,5
2023-06-25,90,2023,6,6
2023-06-26,58,2023,6,0
2023-06-27,61,2023,6,1
2023-06-28,53,2023,6,2
2023-06-29,58,2023,6,3
2023-06-30,55,2023,6,4
2023-07-01,96,2023,7,5
2023-07-02,91,2023,7,6
2023-07-03,70,2023,7,0
2023-07-04,78,2023,7,1
2023-07-05,51,2023,7,2
2023-07-06,52,2023,7,3
2023-07-07,77,2023,7,4
2023-07-08,84,2023,7,5
2023-07-09,91,2023,7,6
2023-07-10,61,2023,7,0
2023-07-11,68,2023,7,1
2023-07-12,85,2023,7,2
2023-07-13,75,2023,7,3
2023-07-14,72,2023,7,4
2023-07-15,80,2023,7,5
2023-07-16,86,2023,7,6
2023-07-17,55,2023,7,0
2023-07-18,71,2023,7,1
2023-07-19,76,2023,7,2
2023-07-20,56,2023,7,3
2023-07-21,66,2023,7,4
2023-07-22,75,2023,7,5
2023-07-23,81,2023,7,6
2023-07-24,72,2023,7,0
2023-07-25,52,2023,7,1
2023-07-26,74,2023,7,2
2023-07-27,75,2023,7,3
2023-07-28,69,2023,7,4
2023-07-29,64,2023,7,5
2023-07-30,81,2023,7,6
2023-07-31,82,2023,7,0
2023-08-01,54,2023,8,1
2023-08-02,73,2023,8,2
2023-08-03,67,2023,8,3
2023-08-04,85,2023,8,4
2023-08-05,86,2023,8,5
2023-08-06,100,2023,8,6
2023-08-07,84,2023,8,0
2023-08-08,91,2023,8,1
2023-08-09,75,2023,8,2
2023-08-10,80,2023,8,3
2023-08-11,67,2023,8,4
2023-08-12,101,2023,8,5
2023-08-13,91,2023,8,6
2023-08-14,75,2023,8,0
2023-08-15,76,2023,8,1
2023-08-16,64,2023,8,2
2023-08-17,79,2023,8,3
2023-08-18,86,2023,8,4
2023-08-19,94,2023,8,5
2023-08-20,84,2023,8,6
2023-08-21,79,2023,8,0
2023-08-22,83,2023,8,1
2023-08-23,62,2023,8,2
2023-08-24,68,2023,8,3
2023-08-25,86,2023,8,4
2023-08-26,94,2023,8,5
2023-08-27,100,2023,8,6
2023-08-28,95,2023,8,0
2023-08-29,81,2023,8,1
2023-08-30,82,2023,8,2
2023-08-31,99,2023,8,3
2023-09-01,93,2023,9,4
2023-09-02,102,2023,9,5
2023-09-03,117,2023,9,6
2023-09-04,100,2023,9,0
2023-09-05,89,2023,9,1
2023-09-06,85,2023,9,2
2023-09-07,112,2023,9,3
2023-09-08,98,2023,9,4
2023-09-09,103,2023,9,5
2023-09-10,121,2023,9,6
2023-09-11,96,2023,9,0
2023-09-12,91,2023,9,1
2023-09-13,98,2023,9,2
2023-09-14,83,2023,9,3
2023-09-15,98,2023,9,4
2023-09-16,124,2023,9,5
2023-09-17,117,2023,9,6
2023-09-18,94,2023,9,0
2023-09-19,90,2023,9,1
2023-09-20,90,2023,9,2
2023-09-21,92,2023,9,3
2023-09-22,93,2023,9,4
2023-09-23,116,2023,9,5
2023-09-24,100,2023,9,6
2023-09-25,104,2023,9,0
2023-09-26,91,2023,9,1
2023-09-27,97,2023,9,2
2023-09-28,85,2023,9,3
2023-09-29,107,2023,9,4
2023-09-30,119,2023,9,5
2023-10-01,131,2023,10,6
2023-10-02,94,2023,10,0
2023-10-03,110,2023,10,1
2023-10-04,106,2023,10,2
2023-10-05,90,2023,10,3
2023-10-06,105,2023,10,4
2023-10-07,121,2023,10,5
2023-10-08,128,2023,10,6
2023-10-09,108,2023,10,0
2023-10-10,106,2023,10,1
2023-10-11,115,2023,10,2
2023-10-12,113,2023,10,3
2023-10-13,82,2023,10,4
2023-10-14,116,2023,10,5
2023-10-15,122,2023,10,6
2023-10-16,93,2023,10,0
2023-10-17,104,2023,10,1
2023-10-18,114,2023,10,2
2023-10-19,95,2023,10,3
2023-10-20,108,2023,10,4
2023-10-21,111,2023,10,5
2023-10-22,118,2023,10,6
2023-10-23,119,2023,10,0
2023-10-24,99,2023,10,1
2023-10-25,107,2023,10,2
2023-10-26,89,2023,10,3
2023-10-27,121,2023,10,4
2023-10-28,124,2023,10,5
2023-10-29,122,2023,10,6
2023-10-30,112,2023,10,0
2023-10-31,93,2023,10,1
2023-11-01,107,2023,11,2
2023-11-02,95,2023,11,3
2023-11-03,98,2023,11,4
2023-11-04,109,2023,11,5
2023-11-05,113,2023,11,6
2023-11-06,107,2023,11,0
2023-11-07,100,2023,11,1
2023-11-08,103,2023,11,2
2023-11-09,98,2023,11,3
2023-11-10,104,2023,11,4
2023-11-11,110,2023,11,5
2023-11-12,136,2023,11,6
2023-11-13,89,2023,11,0
2023-11-14,108,2023,11,1
2023-11-15,109,2023,11,2
2023-11-16,92,2023,11,3
2023-11-17,118,2023,11,4
2023-11-18,121,2023,11,5
2023-11-19,126,2023,11,6
2023-11-20,102,2023,11,0
2023-11-21,97,2023,11,1
2023-11-22,97,2023,11,2
2023-11-23,102,2023,11,3
2023-11-24,112,2023,11,4
2023-11-25,115,2023,11,5
2023-11-26,111,2023,11,6
2023-11-27,108,2023,11,0
2023-11-28,106,2023,11,1
2023-11-29,104,2023,11,2
2023-11-30,105,2023,11,3
2023-12-01,111,2023,12,4
2023-12-02,118,2023,12,5
2023-12-03,124,2023,12,6
2023-12-04,101,2023,12,0
2023-12-05,113,2023,12,1
2023-12-06,110,2023,12,2
2023-12-07,108,2023,12,3
2023-12-08,89,2023,12,4
2023-12-09,116,2023,12,5
2023-12-10,140,2023,12,6
2023-12-11,109,2023,12,0
2023-12-12,114,2023,12,1
2023-12-13,100,2023,12,2
2023-12-14,123,2023,12,3
2023-12-15,112,2023,12,4
2023-12-16,129,2023,12,5
2023-12-17,150,2023,12,6
2023-12-18,127,2023,12,0
2023-12-19,109,2023,12,1
2023-12-20,107,2023,12,2
2023-12-21,109,2023,12,3
2023-12-22,118,2023,12,4
2023-12-23,126,2023,12,5
2023-12-24,128,2023,12,6
2023-12-25,126,2023,12,0
2023-12-26,111,2023,12,1
2023-12-27,130,2023,12,2
2023-12-28,112,2023,12,3
2023-12-29,128,2023,12,4
2023-12-30,130,2023,12,5
2023-12-31,140,2023,12,6
2024-01-01,107,2024,1,0
2024-01-02,103,2024,1,1
2024-01-03,114,2024,1,2
2024-01-04,118,2024,1,3
2024-01-05,112,2024,1,4
2024-01-06,115,2024,1,5
2024-01-07,119,2024,1,6
2024-01-08,102,2024,1,0
2024-01-09,96,2024,1,1
2024-01-10,111,2024,1,2
2024-01-11,119,2024,1,3
2024-01-12,112,2024,1,4
2024-01-13,107,2024,1,5
2024-01-14,129,2024,1,6
2024-01-15,112,2024,1,0
2024-01-16,127,2024,1,1
2024-01-17,99,2024,1,2
2024-01-18,107,2024,1,3
2024-01-19,126,2024,1,4
2024-01-20,129,2024,1,5
2024-01-21,135,2024,1,6
2024-01-22,114,2024,1,0
2024-01-23,113,2024,1,1
2024-01-24,117,2024,1,2
2024-01-25,104,2024,1,3
2024-01-26,120,2024,1,4
2024-01-27,115,2024,1,5
2024-01-28,133,2024,1,6
2024-01-29,115,2024,1,0
2024-01-30,106,2024,1,1
2024-01-31,111,2024,1,2
2024-02-01,124,2024,2,3
2024-02-02,122,2024,2,4
2024-02-03,141,2024,2,5
2024-02-04,140,2024,2,6
2024-02-05,134,2024,2,0
2024-02-06,120,2024,2,1
2024-02-07,135,2024,2,2
2024-02-08,120,2024,2,3
2024-02-09,126,2024,2,4
2024-02-10,139,2024,2,5
2024-02-11,160,2024,2,6
2024-02-12,135,2024,2,0
2024-02-13,127,2024,2,1
2024-02-14,133,2024,2,2
2024-02-15,112,2024,2,3
2024-02-16,131,2024,2,4
2024-02-17,160,2024,2,5
2024-02-18,150,2024,2,6
2024-02-19,133,2024,2,0
2024-02-20,134,2024,2,1
2024-02-21,137,2024,2,2
2024-02-22,113,2024,2,3
2024-02-23,118,2024,2,4
2024-02-24,146,2024,2,5
2024-02-25,144,2024,2,6
2024-02-26,143,2024,2,0
2024-02-27,127,2024,2,1
2024-02-28,114,2024,2,2
2024-02-29,119,2024,2,3
2024-03-01,130,2024,3,4
2024-03-02,163,2024,3,5
2024-03-03,168,2024,3,6
2024-03-04,149,2024,3,0
2024-03-05,158,2024,3,1
2024-03-06,159,2024,3,2
2024-03-07,148,2024,3,3
2024-03-08,135,2024,3,4
2024-03-09,170,2024,3,5
2024-03-10,174,2024,3,6
2024-03-11,155,2024,3,0
2024-03-12,158,2024,3,1
2024-03-13,141,2024,3,2
2024-03-14,166,2024,3,3
2024-03-15,144,2024,3,4
2024-03-16,171,2024,3,5
2024-03-17,157,2024,3,6
2024-03-18,146,2024,3,0
2024-03-19,162,2024,3,1
2024-03-20,148,2024,3,2
2024-03-21,157,2024,3,3
2024-03-22,154,2024,3,4
2024-03-23,164,2024,3,5
2024-03-24,181,2024,3,6
2024-03-25,151,2024,3,0
2024-03-26,136,2024,3,1
2024-03-27,144,2024,3,2
2024-03-28,155,2024,3,3
2024-03-29,156,2024,3,4
2024-03-30,153,2024,3,5
2024-03-31,165,2024,3,6
2024-04-01,109,2024,4,0
2024-04-02,108,2024,4,1
2024-04-03,100,2024,4,2
2024-04-04,106,2024,4,3
2024-04-05,107,2024,4,4
2024-04-06,132,2024,4,5
2024-04-07,137,2024,4,6
2024-04-08,113,2024,4,0
2024-04-09,108,2024,4,1
2024-04-10,112,2024,4,2
2024-04-11,104,2024,4,3
2024-04-12,104,2024,4,4
2024-04-13,118,2024,4,5
2024-04-14,126,2024,4,6
2024-04-15,105,2024,4,0
2024-04-16,112,2024,4,1
2024-04-17,117,2024,4,2
2024-04-18,98,2024,4,3
2024-04-19,113,2024,4,4
2024-04-20,124,2024,4,5
2024-04-21,134,2024,4,6
2024-04-22,114,2024,4,0
2024-04-23,100,2024,4,1
2024-04-24,101,2024,4,2
2024-04-25,112,2024,4,3
2024-04-26,122,2024,4,4
2024-04-27,109,2024,4,5
2024-04-28,134,2024,4,6
2024-04-29,124,2024,4,0
2024-04-30,110,2024,4,1
2024-05-01,108,2024,5,2
2024-05-02,98,2024,5,3
2024-05-03,105,2024,5,4
2024-05-04,106,2024,5,5
2024-05-05,105,2024,5,6
2024-05-06,114,2024,5,0
2024-05-07,96,2024,5,1
2024-05-08,100,2024,5,2
2024-05-09,93,2024,5,3
2024-05-10,94,2024,5,4
2024-05-11,117,2024,5,5
2024-05-12,118,2024,5,6
2024-05-13,110,2024,5,0
2024-05-14,107,2024,5,1
2024-05-15,106,2024,5,2
2024-05-16,106,2024,5,3
2024-05-17,119,2024,5,4
2024-05-18,110,2024,5,5
2024-05-19,124,2024,5,6
2024-05-20,116,2024,5,0
2024-05-21,114,2024,5,1
2024-05-22,93,2024,5,2
2024-05-23,102,2024,5,3
2024-05-24,117,2024,5,4
2024-05-25,123,2024,5,5
2024-05-26,126,2024,5,6
2024-05-27,105,2024,5,0
2024-05-28,101,2024,5,1
2024-05-29,107,2024,5,2
2024-05-30,102,2024,5,3
2024-05-31,106,2024,5,4
2024-06-01,88,2024,6,5
2024-06-02,87,2024,6,6
2024-06-03,80,2024,6,0
2024-06-04,96,2024,6,1
2024-06-05,58,2024,6,2
2024-06-06,75,2024,6,3
2024-06-07,68,2024,6,4
2024-06-08,92,2024,6,5
2024-06-09,93,2024,6,6
2024-06-10,82,2024,6,0
2024-06-11,82,2024,6,1
2024-06-12,74,2024,6,2
2024-06-13,82,2024,6,3
2024-06-14,56,2024,6,4
2024-06-15,101,2024,6,5
2024-06-16,96,2024,6,6
2024-06-17,84,2024,6,0
2024-06-18,63,2024,6,1
2024-06-19,66,2024,6,2
2024-06-20,74,2024,6,3
2024-06-21,75,2024,6,4
2024-06-22,90,2024,6,5
2024-06-23,102,2024,6,6
2024-06-24,62,2024,6,0
2024-06-25,81,2024,6,1
2024-06-26,73,2024,6,2
2024-06-27,72,2024,6,3
2024-06-28,63,2024,6,4
2024-06-29,92,2024,6,5
2024-06-30,74,2024,6,6
2024-07-01,91,2024,7,0
2024-07-02,71,2024,7,1
2024-07-03,84,2024,7,2
2024-07-04,82,2024,7,3
2024-07-05,95,2024,7,4
2024-07-06,97,2024,7,5
2024-07-07,98,2024,7,6
2024-07-08,82,2024,7,0
2024-07-09,94,2024,7,1
2024-07-10,88,2024,7,2
2024-07-11,81,2024,7,3
2024-07-12,84,2024,7,4
2024-07-13,86,2024,7,5
2024-07-14,107,2024,7,6
2024-07-15,73,2024,7,0
2024-07-16,90,2024,7,1
2024-07-17,85,2024,7,2
2024-07-18,103,2024,7,3
2024-07-19,77,2024,7,4
2024-07-20,98,2024,7,5
2024-07-21,118,2024,7,6
2024-07-22,96,2024,7,0
2024-07-23,78,2024,7,1
2024-07-24,86,2024,7,2
2024-07-25,84,2024,7,3
2024-07-26,88,2024,7,4
2024-07-27,93,2024,7,5
2024-07-28,103,2024,7,6
2024-07-29,74,2024,7,0
2024-07-30,85,2024,7,1
2024-07-31,88,2024,7,2
2024-08-01,89,2024,8,3
2024-08-02,80,2024,8,4
2024-08-03,114,2024,8,5
2024-08-04,114,2024,8,6
2024-08-05,89,2024,8,0
2024-08-06,89,2024,8,1
2024-08-07,79,2024,8,2
2024-08-08,83,2024,8,3
2024-08-09,89,2024,8,4
2024-08-10,116,2024,8,5
2024-08-11,106,2024,8,6
2024-08-12,100,2024,8,0
2024-08-13,87,2024,8,1
2024-08-14,94,2024,8,2
2024-08-15,91,2024,8,3
2024-08-16,101,2024,8,4
2024-08-17,102,2024,8,5
2024-08-18,99,2024,8,6
2024-08-19,84,2024,8,0
2024-08-20,88,2024,8,1
2024-08-21,82,2024,8,2
2024-08-22,95,2024,8,3
2024-08-23,90,2024,8,4
2024-08-24,126,2024,8,5
2024-08-25,98,2024,8,6
2024-08-26,97,2024,8,0
2024-08-27,83,2024,8,1
2024-08-28,88,2024,8,2
2024-08-29,93,2024,8,3
2024-08-30,75,2024,8,4
2024-08-31,109,2024,8,5
2024-09-01,143,2024,9,6
2024-09-02,108,2024,9,0
2024-09-03,110,2024,9,1
2024-09-04,116,2024,9,2
2024-09-05,107,2024,9,3
2024-09-06,106,2024,9,4
2024-09-07,105,2024,9,5
2024-09-08,133,2024,9,6
2024-09-09,110,2024,9,0
2024-09-10,100,2024,9,1
2024-09-11,109,2024,9,2
2024-09-12,104,2024,9,3
2024-09-13,106,2024,9,4
2024-09-14,128,2024,9,5
2024-09-15,118,2024,9,6
2024-09-16,120,2024,9,0
2024-09-17,97,2024,9,1
2024-09-18,103,2024,9,2
2024-09-19,124,2024,9,3
2024-09-20,120,2024,9,4
2024-09-21,125,2024,9,5
2024-09-22,121,2024,9,6
2024-09-23,108,2024,9,0
2024-09-24,109,2024,9,1
2024-09-25,109,2024,9,2
2024-09-26,108,2024,9,3
2024-09-27,111,2024,9,4
2024-09-28,122,2024,9,5
2024-09-29,117,2024,9,6
2024-09-30,108,2024,9,0
2024-10-01,125,2024,10,1
2024-10-02,107,2024,10,2
2024-10-03,117,2024,10,3
2024-10-04,114,2024,10,4
2024-10-05,134,2024,10,5
2024-10-06,135,2024,10,6
2024-10-07,133,2024,10,0
2024-10-08,122,2024,10,1
2024-10-09,108,2024,10,2
2024-10-10,124,2024,10,3
2024-10-11,114,2024,10,4
2024-10-12,129,2024,10,5
2024-10-13,141,2024,10,6
2024-10-14,118,2024,10,0
2024-10-15,126,2024,10,1
2024-10-16,112,2024,10,2
2024-10-17,114,2024,10,3
2024-10-18,115,2024,10,4
2024-10-19,129,2024,10,5
2024-10-20,147,2024,10,6
2024-10-21,127,2024,10,0
2024-10-22,132,2024,10,1
2024-10-23,137,2024,10,2
2024-10-24,110,2024,10,3
2024-10-25,121,2024,10,4
2024-10-26,124,2024,10,5
2024-10-27,133,2024,10,6
2024-10-28,117,2024,10,0
2024-10-29,110,2024,10,1
2024-10-30,111,2024,10,2
2024-10-31,118,2024,10,3
2024-11-01,105,2024,11,4
2024-11-02,135,2024,11,5
2024-11-03,126,2024,11,6
2024-11-04,139,2024,11,0
2024-11-05,109,2024,11,1
2024-11-06,114,2024,11,2
2024-11-07,103,2024,11,3
2024-11-08,129,2024,11,4
2024-11-09,137,2024,11,5
2024-11-10,136,2024,11,6
2024-11-11,106,2024,11,0
2024-11-12,115,2024,11,1
2024-11-13,104,2024,11,2
2024-11-14,125,2024,11,3
2024-11-15,122,2024,11,4
2024-11-16,129,2024,11,5
2024-11-17,114,2024,11,6
2024-11-18,109,2024,11,0
2024-11-19,119,2024,11,1
2024-11-20,123,2024,11,2
2024-11-21,122,2024,11,3
2024-11-22,103,2024,11,4
2024-11-23,131,2024,11,5
2024-11-24,142,2024,11,6
2024-11-25,103,2024,11,0
2024-11-26,114,2024,11,1
2024-11-27,116,2024,11,2
2024-11-28,111,2024,11,3
2024-11-29,101,2024,11,4
2024-11-30,126,2024,11,5
2024-12-01,143,2024,12,6
2024-12-02,128,2024,12,0
2024-12-03,121,2024,12,1
2024-12-04,122,2024,12,2
2024-12-05,126,2024,12,3
2024-12-06,132,2024,12,4
2024-12-07,139,2024,12,5
2024-12-08,143,2024,12,6
2024-12-09,130,2024,12,0
2024-12-10,111,2024,12,1
2024-12-11,130,2024,12,2
2024-12-12,126,2024,12,3
2024-12-13,129,2024,12,4
2024-12-14,149,2024,12,5
2024-12-15,131,2024,12,6
2024-12-16,114,2024,12,0
2024-12-17,129,2024,12,1
2024-12-18,126,2024,12,2
2024-12-19,128,2024,12,3
2024-12-20,125,2024,12,4
2024-12-21,147,2024,12,5
2024-12-22,154,2024,12,6
2024-12-23,133,2024,12,0
2024-12-24,124,2024,12,1
2024-12-25,110,2024,12,2
2024-12-26,133,2024,12,3
2024-12-27,138,2024,12,4
2024-12-28,147,2024,12,5
2024-12-29,140,2024,12,6
2024-12-30,135,2024,12,0
2024-12-31,134,2024,12,1
